id,title,url,source,published_date,author,content,disaster_keywords_found,indonesia_location_keywords_found,event_score,rejection_reason,scraped_at,clean_status,clean_reason,disaster_type,is_indonesia_event
republika.co.id_10154967786e,Baca Juga,https://news.republika.co.id/berita/taf5ms458/tanggapi-isu-politisasi-bencana-hasto-mari-samasama-gotong-royong,Republika.co.id,2026-02-14T05:40:04+07:00,,"REPUBLIKA.CO.ID, JAKARTA -- Sekretaris Jenderal Partai Demokrasi Indonesia Perjuangan (PDIP) Hasto Kristiyanto mengingatkan pentingnya kolaborasi elemen bangsa dalam menangani dampak bencana di Tanah Air, termasuk yang terjadi di Sumatra. Ia pun mengajak semua elemen bangsa untuk mengedepankan kemanusiaan. alih-alih terjebak polemik politik. Hal itu dikatakannya saat menjawab pertanyaan awak media mengenai pidato Presiden RI Prabowo Subianto. Dalam taklimatnya, Kepala Negara sempat menyebut adanya pihak-pihak tertentu yang memanfaatkan situasi bencana demi kepentingan politis. PSG Takluk 1-3 dari Rennes, Akhiri Kemenangan Beruntun OCBC Syariah Pilih Berhati-hati Spin-off, Fokus Benahi Basis Nasabah PSV Tumbang 1-2 dari FC Volendam di Liga Belanda “Yang jelas bukan PDIP. Karena PDIP tidak senang jika terjadi bencana. Sebaliknya, kami selalu siap sedia karena menyadari posisi geografis kita yang berada di wilayah Ring of Fire,” kata Hasto setelah menghadiri kegiatan apresiasi relawan kesehatan di Sekolah Partai, Lenteng Agung, Jakarta pada Jumat (13/2/2026). Ketimbang bersikap reaktif terhadap tudingan itu, Hasto memilih menyoroti akar masalah terjadinya bencana yaitu kerusakan ekologis dan dampak pemanasan global. Hasto meyakini pemulihan lingkungan jauh lebih mendesak dibahas demi keselamatan jangka panjang masyarakat. Hasto juga mengingatkan kondisi di lapangan masih memerlukan perhatian serius. Hasto mengamati infrastruktur umum dan fasilitas publik di daerah terdampak belum sepenuhnya pulih sehingga memerlukan kerja keras lintas sektoral. “Sebaiknya mari kita merangkul semuanya agar fokus membantu rakyat. Korban bencana sampai sekarang belum sepenuhnya pulih. Infrastruktur dan fasilitas publiknya pun masih membutuhkan penanganan,” ujar Hasto. Selain itu, Hasto berharap semangat kemanusiaan dapat menjadi titik temu yang menyatukan semua pihak terlepas perbedaan latar belakang politik. Ia mendorong pemerintah membuka ruang kerja sama bagi siapa pun yang memiliki niat baik membantu rakyat. ""Pemerintah tentu diharapkan merangkul siapa pun yang punya niat baik untuk bersama-sama bergotong royong membantu rakyat di wilayah tersebut. Itu harapan kami,"" ujar Hasto. Sebelumnya, Presiden Prabowo Subianto dalam sebuah acara di Jakarta Barat mengendus adanya kelompok politik tertentu yang senang dengan situasi bencana karena dianggap bisa menggerus kepercayaan publik terhadap pemerintah. Tapi, Prabowo meyakini Indonesia mempunyai ketangguhan untuk bangkit mengatasi kondisi itu.",kerusakan,"indonesia, jakarta, ri",3,,2026-06-05T07:50:21.872218+00:00,rejected,duplicate_url_or_title,,False
kompas.com_97122c913310,Begini Skema Perbaikan Rumah Rusak Terdampak Bencana Sumatera,https://www.kompas.com/properti/read/2026/05/25/190000021/begini-skema-perbaikan-rumah-rusak-terdampak-bencana-sumatera,Kompas.com,2026-05-25T12:00:00+00:00,Kompas Cyber Media,"JAKARTA, KOMPAS.com - Pemerintah membagi skema penanganan rumah rusak akibat bencana di Sumatera menjadi dua kategori. Ini berupa pembangunan hunian di lokasi semula atau in-situ dan pembangunan hunian komunal di lokasi baru yang lebih aman. Menurut Menteri Dalam Negeri (Mendagri) sekaligus Ketua Satuan Tugas (Satgas) Percepatan Rehabilitasi dan Rekonstruksi Pascabencana Sumatera Tito Karnavian, penanganan rumah yang dibangun di lokasi semula akan dilaksanakan oleh Badan Nasional Penanggulangan Bencana (BNPB). “Rumah nanti kita, kalau untuk masalah rumah kan dibagi dua. Untuk yang in situ, artinya di rumah, di tanahnya sendiri, itu dibangunkan oleh BNPB. Dan BNPB sudah bekerja dengan cepat,” kata Tito dalam konferensi pers di Kompleks Parlemen, Senayan, Jakarta, Senin (25/5/2026). Sementara itu, pembangunan hunian komunal akan dilaksanakan oleh Kementerian Perumahan dan Kawasan Permukiman (PKP). Menurut Tito, salah satu tantangan utama dalam pembangunan hunian komunal adalah penyiapan lahan yang aman bagi masyarakat terdampak bencana. “Nah, ini nanti selain pendataannya sudah, tapi yang penting lagi lah tanahnya. Ini kan tanah kompleks ya, jadi harus disiapkan tanah yang aman. Jangan di tempat yang semula,” ujarnya. Dia menjelaskan, pemerintah akan melibatkan Badan Geologi untuk memastikan keamanan lokasi pembangunan hunian baru agar tidak berada di kawasan rawan bencana. “Nanti, perlu pengecekan dari badan geologi untuk keamanannya,” lanjut Tito. Selain itu, juga dibutuhkan dukungan dari sejumlah kementerian dan pemerintah daerah dalam proses penyiapan lahan. Ini termasuk Kementerian Agraria dan Tata Ruang/Badan Pertanahan Nasional (ATR/BPN), Kementerian Lingkungan Hidup, serta pemerintah daerah setempat. “Kalau Pemda yang sanggup, ada beberapa Pemda sudah disiapkan. Ada juga Pemda yang tidak sanggup, karena ini masuk HGU misalnya. Ini memerlukan dukungan dari Kementerian ATR/BPN,” ujarnya. Tito mengatakan, pemerintah belum menghitung secara pasti jumlah kebutuhan lahan untuk pembangunan hunian komunal tersebut. Namun, proses penyiapan lahan diupayakan bisa berjalan secepat mungkin. “Berapa jumlahnya belum kita hitung, tapi kita upayakan secepat mungkin. Makin cepat makin baik,” tutup Tito.",bnpb,"bnpb, jakarta, sumatera",4,,2026-06-05T07:39:22.189439+00:00,rejected,rejected_channel,bnpb,True
kompas.com_414a8e578c54,Harga Properti Tumbuh Bervariasi Dipengaruhi Banjir dan Cuaca,https://www.kompas.com/properti/read/2026/05/06/100905521/harga-properti-tumbuh-bervariasi-dipengaruhi-banjir-dan-cuaca,Kompas.com,2026-05-06T03:09:05+00:00,Kompas Cyber Media,"JAKARTA, KOMPAS.com - Pasar properti nasional menunjukkan pergerakan harga pada kuartal I-2026 di tengah tekanan eksternal dan faktor musiman. Data terbaru Pinhome Home Sell Index (PHSI) mencatat, pergerakan harga rumah menunjukkan variasi di berbagai wilayah. Di Jakarta, beberapa kawasan mengalami pertumbuhan selektif, sementara wilayah lain terkoreksi akibat faktor banjir dan cuaca. Di Jakarta Utara, harga rumah tipe 121-200 di Cilincing naik 3 persen, sementara di Jakarta Timur, rumah tipe ≤54 di Cakung tumbuh 2 persen. Namun, koreksi terjadi di sejumlah wilayah Jakarta Barat dan Jakarta Selatan yang terdampak banjir. Di kawasan Bodetabek, pertumbuhan terlihat pada segmen menengah. Kabupaten Bekasi dan Kabupaten Tangerang mencatat kenaikan harga tipe 121-200 masing-masing sebesar 4 persen, diikuti Kota Tangerang Selatan dan Kota Tangerang sebesar 3 persen. Di luar Jabodetabek, beberapa wilayah juga mencatat pertumbuhan, seperti Kota Cimahi yang naik 3 persen untuk tipe ≥201 serta Kabupaten Semarang yang tumbuh 3 persen untuk tipe kecil dan menengah. Sementara itu, koreksi terjadi di sejumlah daerah akibat faktor cuaca, infrastruktur, hingga penyesuaian pasar. Segmen rumah kecil dan menengah menjadi penopang utama ketika pasar premium cenderung lebih berhati-hati. Data terbaru PHSI mencatat Indeks Harga Jual Rumah Nasional relatif stabil dengan penurunan tipis sebesar -0,1 persen, baik secara kuartalan maupun tahunan. Jika dilihat berdasarkan segmen, rumah kecil dan menengah justru mencatat pertumbuhan. Rumah tipe ≤54 tumbuh 0,3 persen dan tipe 121-200 naik 0,5 persen secara kuartalan. Secara tahunan, tipe ≤54 meningkat 1 persen dan tipe 55-120 tumbuh 0,6 persen. CEO dan Founder Pinhome Dayu Dara Permata mengatakan segmen ini menjadi penopang pasar karena faktor keterjangkauan dan kebutuhan hunian dasar. ""Segmen rumah kecil dan menengah menjadi penopang pertumbuhan pasar, didorong oleh keterjangkauan dan kebutuhan hunian dasar yang menjaga permintaan tetap stabil,"" ujar Dara, dikutip Selasa (05/05/2026). Sebaliknya, rumah besar tipe ≥201 mengalami koreksi sebesar -0,5 persen secara kuartalan dan -0,7 persen secara tahunan. Kondisi ini mencerminkan kehati-hatian di pasar premium seiring ketidakpastian ekonomi global dan faktor cuaca. Selain penjualan, pasar sewa juga menunjukkan pertumbuhan pada kuartal I-2026 berdasarkan Pinhome Home Rental Index (PHRI). Rumah tipe 55-120 tumbuh 0,8 persen dan tipe ≤54 naik 0,7 persen. Kenaikan lebih tinggi terjadi pada segmen tertentu, dengan tipe 55-120 tumbuh 2,6 persen dan tipe ≥201 meningkat 2,3 persen. Pertumbuhan ini didorong aktivitas perkantoran dan institusi pendidikan. Di Jakarta, kenaikan harga sewa terkonsentrasi di kawasan pusat bisnis. Jakarta Pusat mencatat kenaikan signifikan pada tipe 55-120 sebesar 5 persen dan tipe ≤54 sebesar 3 persen, seiring meningkatnya okupansi kantor. Di wilayah Bodetabek, khususnya Tangerang Raya, pertumbuhan sewa didorong ekspansi kawasan komersial serta penetapan BSD sebagai Kawasan Ekonomi Khusus (KEK). Kenaikan juga terjadi di Kabupaten Bogor pada tipe 55-120 sebesar 3 persen. ""Pasar sewa di beberapa kota di Indonesia juga masih memperlihatkan ketahanan dengan penurunan terbatas,"" ujar Dara.",banjir,"indonesia, jakarta, kabupaten, kota, semarang",3,,2026-06-05T07:40:10.051926+00:00,rejected,rejected_channel,banjir,True
kompas.com_b23f153f055f,7 Daerah di Jabar yang Paling Sering Kena Banjir,https://www.kompas.com/properti/read/2026/06/02/185401321/7-daerah-di-jabar-yang-paling-sering-kena-banjir,Kompas.com,2026-06-02T11:54:01+00:00,Kompas Cyber Media,"KOMPAS.com - Risiko banjir menjadi salah satu faktor penting yang perlu dipertimbangkan sebelum membeli rumah. Selain memengaruhi kenyamanan penghuni, banjir juga dapat menurunkan nilai properti serta menimbulkan biaya perbaikan yang tidak sedikit. Bagi masyarakat yang berencana membeli rumah di Jawa Barat, data riwayat kejadian banjir dapat menjadi salah satu referensi dalam menilai tingkat kerawanan suatu wilayah. Berikut tujuh daerah di Jawa Barat yang paling sering mengalami banjir dirangkum dari Data Bencana Indonesia 2024 yang dirilis Badan Nasional Penanggulangan Bencana (BNPB): Karawang menjadi daerah dengan frekuensi banjir tertinggi di Jawa Barat sepanjang tahun 2024. Tingginya jumlah kejadian banjir menunjukkan bahwa calon pembeli rumah di wilayah ini perlu mencermati lokasi properti, terutama yang berada dekat sungai atau kawasan dataran rendah. Bogor berada di posisi kedua daerah yang sering banjir di Jawa Barat dengan 18 kejadian banjir sepanjang tahun 2024. Meski jumlah rumah yang terdampak tidak sebesar beberapa daerah lain, tingginya frekuensi banjir tetap perlu menjadi perhatian, mengingat wilayah ini memiliki curah hujan yang relatif tinggi. Sebagai salah satu pusat pertumbuhan permukiman di Jawa Barat, Bandung memiliki sejumlah kawasan yang rawan genangan saat hujan deras. Karena itu, pengecekan kondisi lingkungan menjadi langkah penting sebelum membeli rumah.","banjir, bnpb","bandung, bnpb, indonesia, jawa barat",2,,2026-06-05T07:40:23.676762+00:00,rejected,rejected_channel,banjir,True
kompas.com_3c565f3d8222,"Waspada Banjir Rob Jakarta Utara, Ada Risiko Bagi Kendaraan",https://otomotif.kompas.com/read/2026/05/18/160100415/waspada-banjir-rob-jakarta-utara-ada-risiko-bagi-kendaraan,Kompas.com,2026-05-18T09:01:00+00:00,Kompas Cyber Media,"JAKARTA, KOMPAS.com – Badan Penanggulangan Bencana Daerah (BPBD) DKI Jakarta mengeluarkan peringatan dini terkait potensi banjir pesisir atau rob yang diperkirakan terjadi pada 14 sampai 21 Mei 2026. Kondisi ini perlu diantisipasi masyarakat, terutama para pengendara yang beraktivitas di wilayah pesisir utara Jakarta. Peringatan tersebut dikeluarkan setelah BMKG Stasiun Meteorologi Kelas I Maritim Tanjung Priok melaporkan adanya fenomena pasang maksimum air laut yang bertepatan dengan fase bulan Super New Moon atau fase bulan baru dan Perigee. Sebuah kiriman dibagikan oleh BPBD DKI Jakarta (@bpbddkijakarta) Kepala Pelaksana BPBD DKI Jakarta, Isnawa Adji mengatakan, fenomena tersebut dapat memicu peningkatan tinggi muka air laut di wilayah pesisir utara Jakarta. “Masyarakat pesisir perlu meningkatkan kesiapsiagaan, karena durasi pasang tinggi bisa berlangsung beberapa hari berturut-turut. Pastikan juga sistem drainase di sekitar rumah tetap berfungsi baik untuk menghindari terjadinya genangan air,” ujar Isnawa, dalam keterangan tertulis, Senin (18/5/2025). Ia menyampaikan, puncak pasang maksimum di wilayah utara Jakarta diperkirakan terjadi pada pukul 20.00–01.00 WIB. Sejumlah wilayah yang berpotensi terdampak antara lain Kamal Muara, Kapuk Muara, Penjaringan, Pluit, Ancol, Kamal, Marunda, Cilincing, Kalibaru, Muara Angke, Tanjung Priok, hingga kawasan Kepulauan Seribu. BPBD DKI Jakarta mengimbau warga untuk mewaspadai perubahan cuaca serta dinamika air laut yang dapat berubah cepat. Pengendara juga diminta menghindari aktivitas di kawasan pesisir yang rawan terendam, terutama saat puncak pasang terjadi pada malam hari. Selain memantau kondisi jalan, pemilik kendaraan disarankan memarkir mobil di lokasi yang lebih tinggi dan aman sebelum rob datang. Langkah antisipasi ini penting untuk menghindari kerusakan kendaraan akibat air laut. Bagi pemilik mobil, banjir rob bukan sekadar genangan biasa. Kandungan garam pada air laut dapat mempercepat korosi pada berbagai komponen kendaraan. “Komponen bawah mobil seperti sasis, suspensi, dan knalpot adalah yang paling mudah berkarat. Air rob biasanya menggenang di area tersebut dan garam yang menempel akan mempercepat proses oksidasi,” ujar Lung Lung, pemilik bengkel Dokter Mobil, kepada Kompas.com belum lama ini. “Perkabelan, konektor listrik yang terendam air garam bisa korosi, terus terjadi arus pendek atau gangguan pada sistem elektronik mobil. Ini perlu perhatian khusus karena sulit terdeteksi langsung,” katanya. Jika kendaraan terlanjur terkena banjir rob, pemilik mobil disarankan segera membersihkan kendaraan menggunakan air tawar agar sisa garam tidak menempel terlalu lama. “Cuci mobil dengan air tawar secara menyeluruh, terutama bagian kolong dan celah-celah tersembunyi. Ini penting untuk menghilangkan sisa garam yang menempel,"" ujarnya. Langkah cepat dan tepat dinilai dapat mencegah kerusakan lebih parah serta menjaga kondisi kendaraan tetap optimal setelah terdampak banjir rob.","banjir, bpbd, kerusakan","bpbd, jakarta",3,,2026-06-05T07:40:33.091176+00:00,rejected,rejected_channel,banjir,True
kompas.com_e231664bd941,"Waspada Banjir Rob Jakarta, Ini Cara Mencegah Mobil Berkarat",https://otomotif.kompas.com/read/2026/05/05/090200915/waspada-banjir-rob-jakarta-ini-cara-mencegah-mobil-berkarat,Kompas.com,2026-05-05T02:02:00+00:00,Kompas Cyber Media,"JAKARTA, KOMPAS.com – Badan Penanggulangan Bencana Daerah (BPBD) DKI Jakarta mengeluarkan peringatan potensi banjir rob yang diprediksi terjadi pada 1–8 Mei 2026. Fenomena ini dipicu pasang maksimum air laut akibat fase bulan baru atau perigee, yang berpotensi meningkatkan tinggi muka air di pesisir utara Jakarta. “Masyarakat pesisir perlu meningkatkan kesiapsiagaan, karena durasi pasang tinggi bisa berlangsung beberapa hari berturut-turut,” ujar Kepala Pelaksana BPBD DKI Jakarta, Isnawa Adji, dalam keterangan tertulis, Senin (4/5/2026). A post shared by BPBD DKI Jakarta (@bpbddkijakarta) “Pastikan juga sistem drainase di sekitar rumah tetap berfungsi baik untuk menghindari terjadinya genangan air,” kata dia. Sejumlah wilayah seperti Kamal Muara, Pluit, Ancol, hingga Tanjung Priok diprediksi terdampak, terutama saat puncak pasang pukul 20.00–01.00 WIB. Warga juga diminta memantau informasi resmi dan menghindari aktivitas di area rawan. Bagi pemilik mobil, banjir rob bukan sekadar genangan biasa. Air laut yang mengandung garam dapat mempercepat korosi pada komponen kendaraan. “Komponen bawah mobil seperti sasis, suspensi, dan knalpot adalah yang paling mudah berkarat. Air rob biasanya menggenang di area tersebut dan garam yang menempel akan mempercepat proses oksidasi,” ujar Lung Lung, pemilik bengkel Dokter Mobil, kepada Kompas.com belum lama ini. “Perkabelan, konektor listrik yang terendam air garam bisa korosi, terus terjadi arus pendek atau gangguan pada sistem elektronik mobil. Ini perlu perhatian khusus karena sulit terdeteksi langsung,” katanya. Untuk mengantisipasi, pemilik mobil disarankan memarkir kendaraan di lokasi lebih tinggi dan aman sebelum rob terjadi. Jika mobil sudah terendam, langkah pertama yang wajib dilakukan adalah mencuci kendaraan dengan air tawar. “Cuci mobil dengan air tawar secara menyeluruh, terutama bagian kolong dan celah-celah tersembunyi. Ini penting untuk menghilangkan sisa garam yang menempel,"" ujarnya. Langkah cepat dan tepat dapat mencegah kerusakan lebih parah serta menjaga kondisi mobil tetap optimal setelah terdampak banjir rob.","banjir, bpbd, kerusakan","bpbd, jakarta",3,,2026-06-05T07:40:34.960823+00:00,rejected,rejected_channel,banjir,True
kompas.com_b6dbe292500d,"Banjir dan Longsor di Tanah Datar, Kementerian PU Gerak Cepat",https://www.kompas.com/properti/read/2026/05/22/083845321/banjir-dan-longsor-di-tanah-datar-kementerian-pu-gerak-cepat,Kompas.com,2026-05-22T01:38:45+00:00,Kompas Cyber Media,"JAKARTA, KOMPAS.com - Kementerian Pekerjaan Umum (PU) bergerak cepat menangani dampak bencana banjir dan tanah longsor yang melanda Kabupaten Tanah Datar, Sumatera Barat, akibat hujan berintensitas tinggi pada Selasa (12/5/2026). Penanganan difokuskan pada pemulihan akses jalan, normalisasi sungai, dan perbaikan infrastruktur terdampak di sejumlah wilayah. Menteri PU Dody Hanggodo mengatakan, Kementerian PU terus berkoordinasi dengan pemerintah daerah dan instansi terkait untuk mempercepat penanganan bencana agar konektivitas wilayah serta aliran irigasi dapat segera pulih. Menurutnya, irigasi dan jalan yang rusak akibat bencana kemarin penanganannya kini menjadi tanggung jawab bersama, baik pemerintah kabupaten, provinsi, maupun pusat, sesuai Instruksi Presiden. ""Terutama karena saat ini sudah memasuki musim tanam, perbaikan irigasi harus diprioritaskan,” ujar Dody dikutip dari siaran pers, Kamis (21/5/2026). Banjir terjadi setelah curah hujan ekstrem mencapai 215 mm per hari di wilayah Lintau Buo. Tingginya debit air menyebabkan sejumlah sungai di DAS Indragiri meluap, di antaranya Batang Tampo, Batang Piubuh, Batang Kawai, Batang Buo, Batang Selo, Batang Atar, hingga Batang Baburai. Kemudian, kondisi tersebut diperparah oleh sedimentasi dan penyempitan alur sungai. Bencana hidrometeorologi itu berdampak pada tujuh kecamatan, yakni Lintau Buo, Lintau Buo Utara, Tanjung Emas, Padang Ganting, Salimpaung, Sungai Tarab, dan Tanjung Baru. Sebanyak 16 nagari/desa terdampak dengan kerusakan infrastruktur meliputi 12 ruas jalan rusak berat, 13 ruas jalan rusak ringan, enam jembatan putus, serta kerusakan jaringan irigasi, dam parit, pompa air, rumah ibadah, dan permukiman warga. Untuk mendukung penanganan darurat, Balai Wilayah Sungai (BWS) Sumatera V Padang mengerahkan tiga unit ekskavator, material bronjong, serta melakukan mobilisasi pipa HDPE. Penanganan difokuskan pada normalisasi alur sungai, penguatan tebing yang tergerus, dan pemulihan fungsi infrastruktur sumber daya air guna meminimalkan risiko banjir susulan. Selain penanganan darurat, Kementerian PU juga melakukan inventarisasi kerusakan dan menyiapkan langkah rehabilitasi pascabencana bersama pemerintah daerah. Penanganan jangka menengah dan panjang akan diarahkan pada pengendalian sedimentasi sungai, peningkatan kapasitas alur sungai, serta penguatan infrastruktur pengendali banjir untuk meningkatkan ketahanan kawasan terhadap bencana hidrometeorologi.","banjir, kerusakan, longsor, tanah longsor","jakarta, kabupaten, padang, provinsi, sumatera",6,,2026-06-05T07:41:16.812388+00:00,rejected,rejected_channel,tanah longsor,True
kompas.com_c355cd06ba67,"Kondisi Terkini TPST Bantargebang Usai Longsor, Operasional Dibatasi",https://megapolitan.kompas.com/read/2026/05/20/12154601/kondisi-terkini-tpst-bantargebang-usai-longsor-operasional-dibatasi,Kompas.com,2026-05-20T05:15:46+00:00,Kompas Cyber Media,"BEKASI, KOMPAS.com — Dinas Lingkungan Hidup (DLH) DKI Jakarta menyebut Tempat Pengolahan Sampah Terpadu (TPST) Bantargebang, Kota Bekasi, masih dalam tahap pemulihan usai longsor yang terjadi pada 8 Maret 2026. Sejumlah langkah penataan dan pembatasan operasional kini diterapkan guna memastikan aktivitas pengangkutan sampah tetap berjalan aman sekaligus meminimalkan risiko longsor susulan. Kepala DLH DKI Jakarta Dudi Gardesi mengatakan, saat ini tim teknis bersama alat berat masih memperkuat lereng, penataan terasering, hingga perbaikan infrastruktur pendukung operasional di kawasan TPST Bantargebang. “Pembatasan operasional ini merupakan bagian dari upaya penataan dan pemulihan kawasan TPST Bantargebang pasca longsor,” ujar Dudi dalam keterangan tertulis, Rabu (20/5/2026). Dalam masa pemulihan tersebut, DLH DKI Jakarta membatasi kuota ritasi sampah yang masuk ke TPST Bantargebang menjadi sekitar 700 rit per hari. Ratusan ritasi tersebut kemudian dibagi ke dalam tiga shift operasional sesuai kapasitas area parkir yang dinilai aman untuk menampung armada pengangkut sampah. ""Untuk jumlah titik buang aktif juga dikurangi dari sebelumnya lima titik menjadi empat titik. Ini guna mengurangi beban tonase secara bersamaan di atas landasan aktif TPST Bantargebang,"" kata Dudi DLH Jakarta melakukan hal tersebut untuk meminimalkan risiko pergeseran material sampah sekaligus memastikan keselamatan pengemudi dan petugas yang bekerja di lapangan. ""Kami juga memperketat sistem pengaturan lalu lintas armada di dalam kawasan TPST Bantargebang,"" jelas Dudi. Dudi mengatakan, pihaknya juga menyiagakan sejumlah personel di sejumlah titik untuk mengatur pergerakan kendaraan agar antrean menuju jembatan timbang maupun area pembuangan dapat lebih terkendali. Menurut Dudi, pengaturan tersebut dilakukan agar operasional pengangkutan sampah tetap berjalan tertib di tengah proses pemulihan kawasan. Selain pembatasan operasional harian, DLH juga menerapkan penghentian sementara aktivitas pembuangan sampah saat kondisi cuaca dinilai berisiko. “Untuk kondisi tertentu seperti hujan deras, operasional titik buang juga akan dihentikan sementara hingga kondisi dinyatakan aman,” ujar Dudi. Ia menegaskan, kebijakan tersebut diterapkan sebagai bentuk perlindungan terhadap seluruh petugas dan pengemudi truk sampah yang bekerja di kawasan TPST Bantargebang. Meski masih dalam tahap pemulihan, Dudi memastikan operasional pengangkutan sampah menuju TPST Bantargebang tetap berjalan terkendali. “Keselamatan petugas dan pengemudi menjadi prioritas utama. Karena itu, antrean kendaraan hanya diarahkan pada jalur-jalur yang dinilai aman agar operasional tetap berjalan tertib dan terkendali,” pungkas Dudi.",longsor,"jakarta, kota",1,,2026-06-05T07:41:28.625148+00:00,rejected,non_event_topic_dominant,tanah longsor,True
kompas.com_f886d9e24f8b,BYD Investigasi Kebakaran di Diler Serpong,https://otomotif.kompas.com/read/2026/05/26/140952815/byd-investigasi-kebakaran-di-diler-serpong,Kompas.com,2026-05-26T07:09:52+00:00,Kompas Cyber Media,"JAKARTA, KOMPAS.com – Kebakaran yang terjadi di showroom BYD Company di kawasan BSD Raya Utama, Lengkong Kulon, Pagedangan, Kabupaten Tangerang, Senin (25/5/2026), dipastikan bukan berasal dari mobil listrik ataupun baterai. Head of Public & Government Relations PT BYD Company Motor Indonesia, Luther Panjaitan, mengatakan pihaknya langsung melakukan pengecekan dan investigasi awal setelah kejadian. “Kami sudah cek dan investigasi, pertama memang ada kondisi asap yang keluar dari gudang penyimpanan yang basic -nya itu adalah kertas dan kardus,” ujar Luther di Jakarta, Selasa (26/5/2026). Ia turut menyampaikan ucapan terima kasih kepada tim pemadam kebakaran dan pihak kepolisian yang langsung memadamkan api secara singkat. “Tidak berlangsung lama, tidak ada efek secara signifikan kepada bangunan, hanya mungkin bekas kardus dan kertas ini saja, dan tidak ada korban jiwa sama sekali,” ucap Luther. “Kami sedang cari tahu bagaimana bisa ada percikan api yang muncul dari situasi di gudang penyimpanan tersebut,” kata dia. Luther menegaskan kebakaran tersebut tidak berkaitan dengan kendaraan listrik maupun baterai mobil EV yang berada di showroom. “Oh tentunya tidak (karena mobil listrik atau baterai). Memang setelah kejadian itu kami mengingatkan kembali kepada seluruh manajemen diler untuk betul-betul menjaga safety dari gudang-gudang penyimpanan,” kata Luther. Sebagai langkah antisipasi, BYD juga langsung mengingatkan seluruh jaringan diler untuk meningkatkan standar keselamatan, khususnya pada area penyimpanan barang yang mudah terbakar. Kebakaran diketahui terjadi pada salah satu ruang penyimpanan onderdil dan berkas di showroom BYD BSD. Sekretaris Badan Penanggulangan Bencana Daerah (BPBD) Kabupaten Tangerang, Irwan Hengki, mengatakan laporan diterima sekitar pukul 13.10 WIB. “Anggota menerima laporan langsung ke Pos Damkar BSD dari warga atau staf kantor BYD terkait adanya kebakaran di showroom tersebut,” ujar Irwan dikutip dari Kompas.com. Dua unit mobil pemadam kebakaran dan tujuh personel langsung diterjunkan ke lokasi. Tim tiba sekitar pukul 13.15 WIB dan segera melakukan proses pemadaman. ""Tim kami langsung melakukan pemadaman di lokasi,"" kata dia. Api berhasil dipadamkan sekitar pukul 15.30 WIB dan situasi dinyatakan aman terkendali. Tidak ada korban jiwa dalam insiden tersebut, namun kerugian diperkirakan mencapai Rp 500 juta.","bpbd, kebakaran, korban jiwa","bpbd, indonesia, jakarta, kabupaten",1,,2026-06-05T07:41:40.301330+00:00,rejected,rejected_channel,kebakaran,True
kompas.com_66375cae7f35,Mengapa AC Bisa Menyebabkan Kebakaran? Ini Penjelasannya,https://www.kompas.com/homey/read/2026/05/21/091707776/mengapa-ac-bisa-menyebabkan-kebakaran-ini-penjelasannya,Kompas.com,2026-05-21T02:17:07+00:00,Kompas Cyber Media,"JAKARTA, KOMPAS.com - Korsleting listrik masih menjadi salah satu penyebab utama kebakaran rumah di Jakarta. Data Satu Data Jakarta mencatat, sebagian besar kasus kebakaran pada 2023 dipicu oleh masalah kelistrikan. Belum lama ini, kebakaran yang terjadi di kawasan Sunter, Jakarta Utara, bahkan menewaskan empat orang dan diduga dipicu oleh korsleting listrik. Peristiwa tersebut menambah panjang daftar kebakaran rumah akibat instalasi listrik yang bermasalah. Salah satu perangkat elektronik yang perlu diwaspadai adalah Air Conditioner ( AC ). Penggunaan AC yang hampir menyala sepanjang hari, ditambah instalasi atau perawatan yang kurang tepat, dapat memicu korsleting hingga kebakaran. Untuk memahami penyebabnya, Kompas.com menghubungi Nuha Nadhiroh, Dosen Teknik Elektro di Politeknik Negeri Jakarta (PNJ) membagikan penjelasanya. Korsleting listrik atau arus pendek dapat terjadi karena arus listrik mengalir melalui jalur yang tidak semestinya. Akibatnya, arus listrik meningkat secara tiba-tiba dan menghasilkan panas dalam waktu singkat. “Kondisi ini terjadi karena ada arus listrik yang mengambil jalan pintas, jadi ada dua kabel yang tidak seharusnya bersentuhan menjadi bersentuhan, yang mana ketika salah satu kabel memiliki tegangan arus listrik dapat menimbulkan korsleting,” ujar Nuha, kepada Kompas.com melalui telepon singkat, Rabu (20/5/2026). Nuha menjelaskan korsleting pada AC bisa disebabkan karena beberapa hal. “AC yang usianya sudah tua, cenderung lebih mudah untuk mengalami kerusakan, misalnya lebih dari 7 tahun, padahal di dalam AC ada komponen tertentu seperti kabel-kabel listrik yang ukurannya kecil. Ketika AC digunakan terus menerus, kabel tersebut akan terkena getaran dan panas,"" kata Nuha. Getaran dan panas seiring waktu dapat menyebabkan kerusakan pada lapisan isolasi atau kabel pembungkusnya. Bahan yang terbuat dari karet tersebut dapat mengeras, getas, dan lapuk. Umumnya, AC rumah tinggal memiliki masa pakai sekitar 10 hingga 15 tahun. Seiring bertambahnya usia, komponen internal seperti kabel, kapasitor, kompresor, dan sambungan listrik dapat mengalami penurunan kualitas. Selain itu, lapisan isolasi kabel bisa mengeras dan retak, sementara konektor dapat mengendur akibat pemakaian jangka panjang. Jika kondisi ini dibiarkan, arus listrik dapat mengalir tidak stabil dan meningkatkan risiko korsleting. Servis dan pemeriksaan rutin penting untuk memastikan seluruh komponen AC bekerja dengan baik. Pastikan untuk memeriksakan AC pada teknisi yang berpengalaman. Tanpa pemeriksaan berkala, kerusakan kecil seperti kabel yang mulai aus, komponen yang longgar, atau penumpukan debu pada komponen listrik bisa luput terdeteksi dan berpotensi menyebabkan korsleting Pemasangan AC harus dilakukan sesuai standar kelistrikan. Penggunaan kabel dengan ukuran yang tidak sesuai, sambungan yang kurang kuat, atau tidak adanya grounding dapat membuat sistem listrik bekerja tidak aman.","kebakaran, kerusakan",jakarta,1,,2026-06-05T07:41:42.028322+00:00,rejected,rejected_channel,kebakaran,True
kompas.com_3946a6e54197,"Belum Lama Dihuni, Huntara Korban Bencana di Aceh Kembali Diterjang Puting Beliung",https://www.kompas.com/properti/read/2026/06/04/155753321/belum-lama-dihuni-huntara-korban-bencana-di-aceh-kembali-diterjang,Kompas.com,2026-06-04T08:57:53+00:00,Kompas Cyber Media,"JAKARTA, KOMPAS.com - Hunian sementara (huntara) yang dibangun pemerintah untuk menampung warga terdampak bencana di Kecamatan Langkahan, Kabupaten Aceh Utara, Provinsi Aceh kembali menghadapi bencana. Sejumlah bangunan huntara mengalami kerusakan setelah diterjang puting beliung yang melanda wilayah tersebut pada Selasa (2/6/2026) sore. Akibat cuaca ekstrem berupa angin kencang yang terjadi sekitar pukul 17.10 WIB, beberapa bagian huntara dilaporkan mengalami kerusakan, mulai dari atap hingga plafon. Padahal, fasilitas tersebut disiapkan sebagai tempat tinggal sementara bagi masyarakat yang rumahnya terdampak bencana. Merespons kondisi tersebut, Menteri Pekerjaan Umum (PU) Dody Hanggodo langsung menginstruksikan jajaran segera memperbaiki huntara agar warga tetap dapat menempati dengan aman dan nyaman. “Saya telah menginstruksikan jajaran Kementerian PU untuk segera melakukan perbaikan terhadap huntara yang terdampak cuaca ekstrem di Kecamatan Langkahan. Keselamatan dan kenyamanan masyarakat menjadi prioritas utama. Sehingga, penanganan harus dilakukan secepat mungkin agar warga dapat kembali beraktivitas dengan normal,” ujar Dody dalam keterangan tertulis, Rabu (3/6/2026). Sebagai langkah tanggap darurat, Tim Teknis Satuan Kerja (Satker) Prasarana Strategis Aceh bersama PT PP (Persero) Tbk selaku kontraktor pelaksana langsung melakukan pendataan kerusakan dan membantu pembersihan material bangunan yang terdampak. Kementerian PU juga berkoordinasi dengan pemerintah daerah dan pihak terkait untuk menyiapkan tenda darurat sebagai tempat penampungan sementara apabila diperlukan selama proses perbaikan berlangsung. Berdasarkan hasil identifikasi awal, kerusakan ditemukan pada beberapa bagian bangunan huntara. Di Blok A, kerusakan terjadi pada plafon dan atap. Sementara itu, Blok B mengalami kebocoran plafon, Blok C mengalami kerusakan ringan pada bagian nok atap, dan Blok D mengalami kerusakan plafon di area dapur. Saat ini, tim teknis masih melakukan pemeriksaan lebih lanjut untuk memastikan seluruh kerusakan dapat ditangani secara tepat. Kementerian PU menargetkan proses perbaikan dapat diselesaikan dalam waktu satu minggu. Huntara di Kecamatan Langkahan merupakan fasilitas yang dibangun Kementerian PU melalui Direktorat Jenderal Prasarana Strategis untuk mendukung penanganan masyarakat terdampak bencana di Aceh. Bangunan tersebut berdiri di atas lahan yang disediakan Pemerintah Kabupaten Aceh Utara dengan total luas sekitar 1.440 meter persegi. Terdapat lima blok huntara yang mampu menampung sekitar 60 kepala keluarga (KK). Bangunan ini menggunakan sistem modular dengan struktur rangka baja ringan sehingga dapat dibangun dalam waktu relatif singkat untuk memenuhi kebutuhan hunian darurat masyarakat. Selain dilengkapi insulated panel, ventilasi, exhaust fan, dan kipas angin untuk menjaga kenyamanan penghuni, kawasan huntara juga memiliki berbagai fasilitas penunjang. Mulai dari toilet komunal, area cuci, dapur bersama, jaringan listrik dan pencahayaan, serta sistem air bersih dan sanitasi. Peristiwa ini membuat para penghuni huntara kembali berhadapan dengan dampak bencana di tengah proses pemulihan yang masih berlangsung. Karena itu, percepatan perbaikan menjadi penting agar fungsi huntara sebagai tempat berlindung sementara bagi warga dapat segera kembali normal.","kerusakan, puting beliung","aceh, jakarta, kabupaten, provinsi",4,,2026-06-05T07:42:54.618569+00:00,rejected,rejected_channel,angin puting beliung,True
tempo.co_d4c040e08150,Satgas Rehabilitasi Sumatera Usul Korban Bencana Dapat BLT,https://www.tempo.co/politik/satgas-rehabilitasi-sumatera-usul-korban-bencana-dapat-blt-2252897,Tempo.co,10 Januari 2026 | 15.00 WIB,,"KETUA Satuan Tugas atau Satgas Percepatan Rehabilitasi dan Rekonstruksi Pascabencana Sumatera Tito Karnavian mengusulkan pemberian bantuan langsung tunai ( BLT ) untuk korban banjir dan tanah longsor di Sumatera. Menurut Tito, bantuan tunai bisa ikut memulihkan ekonomi di wilayah terdampak. Scroll ke bawah untuk melanjutkan membaca Tito berujar pemerintah perlu memastikan perputaran uang tetap terjadi di daerah bencana. ""Kalau mereka diberikan BLT, otomatis mereka punya daya beli dan ini akan terjadi perputaran uang,"" kata Tito dalam rapat bersama Dewan Perwakilan Rakyat di Aceh pada Sabtu, 10 November 2026. Menurut Tito, ekonomi berkaitan erat dengan kehidupan masyarakat. Jika roda ekonomi tidak berputar, kata dia, proses pemulihan bencana bisa terhambat. Tito, yang juga menjabat Menteri Dalam Negeri, mencontohkan bagaimana pasar-pasar di Sumatera sudah mulai beroperasi namun sepi pembeli. ""Yang beli sedikit, akhirnya komoditas busuk,"" tuturnya dalam rapat yang disiarkan media sosial DPR RI. Tito mengusulkan agar korban bencana Sumatera bisa mendapat akses terhadap Program Keluarga Harapan (PKH) dari Kementerian Sosial. PKH itu adalah salah satu bentuk program yang memberikan BLT ke masyarakat. Selain PKH, Tito berujar masyarakat terdampak bencana juga bisa diberikan akses jaminan sosial. Contohnya BPJS Penerima Bantuan Iuran, di mana iuran bulanan peserta dibayar lunas oleh pemerintah, agar mereka bisa mendapat akses kesehatan gratis. Tito optimistis pemberian bantuan tunai dan jaminan sosial akan mempercepat pemulihan daerah terdampak bencana di Aceh, Sumatera Utara, dan Sumatera Utara. ""Kita harus dorong masyarakat ini untuk menerima bantuan, untuk memperkuat daya beli,"" ucap mantan kapolri ini. Banjir dan longsor yang dipicu Siklon Tropis Senyar terjadi di tiga provinsi Sumatera pada akhir November 2025. Badan Nasional Penanggulangan Bencana (BNPB) melaporkan total korban meninggal 1.182 orang per Jumat, 9 Januari 2025. BNPB merinci ada 544 korban meninggal di Aceh, 372 korban meninggal di Sumatera Utara, dan 264 korban meninggal di Sumatera Barat. Sementara itu, sebanyak 145 orang dinyatakan hilang. Rinciannya, 32 orang di Aceh, 42 orang di Sumatera Utara, dan 72 orang di Sumatera Barat. Pada tiga provinsi ini masih ada 238.627 orang mengungsi. Rinciannya, 214.084 orang di Aceh, 13.689 orang di Sumatera Utara, dan 10. 854 orang di Sumatera Barat.","banjir, bnpb, longsor, tanah longsor","aceh, bnpb, provinsi, ri, sumatera",7,,2026-06-05T07:47:43.855769+00:00,rejected,rejected_channel,tanah longsor,True
tempo.co_1cb24b219761,Kata Hamid Awaluddin Soal Bendera GAM Berkibar saat Bencana,https://www.tempo.co/politik/kata-hamid-awaluddin-soal-bendera-gam-berkibar-saat-bencana-2252895,Tempo.co,29 Desember 2025 | 15.00 WIB,,"KETUA Tim Perunding Indonesia dalam perjanjian damai Helsinki, Hamid Awaluddin, menilai kemunculan simbol-simbol Gerakan Aceh Merdeka ( GAM ) merupakan ekspresi kekecewaan sosial masyarakat di tengah tekanan akibat bencana banjir yang berulang. Scroll ke bawah untuk melanjutkan membaca “Setiap Desember memang selalu ada kecenderungan munculnya simbol-simbol GAM. Itu konsisten dari tahun ke tahun karena Desember punya makna historis bagi GAM. Saya melihatnya lebih sebagai nostalgia,” kata Hamid saat dihubungi, Ahad, 28 Desember 2025. Hamid menyebut situasi kali ini memiliki variabel tambahan berupa bencana banjir yang menimbulkan tekanan psikologis besar, terutama bagi generasi muda. Banjir yang terjadi berulang, termasuk banjir susulan beberapa hari sebelum aksi berlangsung, memperkuat rasa frustrasi masyarakat. Ia menilai sebagian masyarakat menganggap negara lamban merespons bencana. Karena itu, pengibaran simbol-simbol masa lalu dipilih sebagai cara untuk menarik perhatian pemerintah. “Bukan karena ideologi. Ini lebih sebagai ekspresi kekecewaan dan tekanan sosial,” ujar Mantan Menteri Hukum dan Hak Asasi Manusia itu. Hamid menegaskan tidak melihat adanya gerakan serius untuk menghidupkan kembali konflik atau ideologi GAM. Menurut dia, sejak penandatanganan nota kesepahaman (MoU) Helsinki pada 15 Agustus 2005, GAM secara politik dan hukum sudah tidak ada. “Soal bendera itu sudah tuntas. Dalam MoU jelas disebutkan, tidak boleh lagi menggunakan simbol atau emblem yang digunakan GAM. Aceh boleh memiliki bendera daerah, tapi itu bukan bendera GAM,” kata Hamid. Ada pula anggapan pihak-pihak yang mencoba memanfaatkan situasi krisis untuk kepentingan politik tertentu. Namun, hal itu tidak bisa digeneralisasi sebagai ancaman terhadap perdamaian Aceh. “Di luar negeri pun masih ada individu yang mengatasnamakan Aceh Merdeka di forum internasional. Itu lebih upaya menarik perhatian, bukan gerakan serius,” ujar dia. Hamid menyinggung trauma kolektif masyarakat Aceh terhadap bencana air sejak tsunami 2004 yang menewaskan sekitar 200 ribu orang. Menurut dia, banjir yang berlangsung berhari-hari bahkan berminggu-minggu memicu kepanikan dan tekanan psikologis berkepanjangan. “Kalau bicara air, orang Aceh sangat sensitif. Trauma itu masih sangat kuat,” kata dia.","banjir, tsunami","aceh, indonesia",1,,2026-06-05T07:47:46.042482+00:00,rejected,rejected_channel,banjir,True
tempo.co_61717fff9cdc,Aceh Perpanjang Status Darurat Bencana Hingga 8 Januari,https://www.tempo.co/politik/aceh-perpanjang-status-darurat-bencana-hingga-8-januari-2252894,Tempo.co,26 Desember 2025 | 07.01 WIB,,"Gubernur Aceh Muzakir Manaf resmi memperpanjang status tanggap darurat penanggulangan bencana untuk seluruh kabupaten dan kota yang terdampak banjir dan longsor pada November lalu. Status tanggap darurat bencana yang semula berakhir pada 25 Desember 2025 itu diperpanjang hingga 8 Januari 2025 mendatang. ""Saya sebagai Gubernur Aceh menetapkan perpanjangan status bencana hidrometeorologi Aceh 2025 selama 14 hari ke depan terhitung sejak 26 Desember sampai 8 Januari 2026,"" ujar Mualem, sapaan akrab Muzakir Manaf, melalui rekaman video telekonferensi yang diunggah melalui akun Instagram miliknya @muzakkirmanaf1964 pada Jumat, 26 Desember 2025. Scroll ke bawah untuk melanjutkan membaca Mualem, menjelaskan perpanjangan masa tanggap darurat bencana ini diputuskan berdasarkan hasil kajian dan aspirasi dari seluruh kabupaten dan kota di Aceh mengenai kondisi terkini. Keputusan itu juga telah dikoordinasikan dengan pemerintah pusat melalui rapat rapat koordinasi penanganan darurat bencana Aceh yang digelar pada 25 Desember 2025. Rapat tersebut dihadiri oleh Menteri Koordinator Bidang Pembangunan Manusia dan Kebudayaan Pratikno, Kepala Badan Nasional Penanggulangan Bencana Sunaryanto, dan perwakilan Direktorat Jenderal Kementerian Dalam Negeri. Bersamaan dengan perpanjangan masa status darurat bencana ini, Mualem menginstruksikan seluruh Satuan Kerja Perangkat Aceh (SKPA) untuk fokus menyelesaikan setidaknya lima hal. Yaitu, mempercepat distribusi bantuan logistik ke daerah terdampak yang hingga saat ini masih terisolir, memenuhi seluruh hak-hak dasar pengungsi sesuai pedoman hak asasi manusia, dan mempercepat pengayaan layanan kesehatan dengan memfungsikan kembali seluruh rumah sakit dan pusat kesehatan masyarakat atau puskesmas. Tugas lainnya, Mualem juga menginstruksikan seluruh layanan pendidikan segera kembali berjalan dalam 14 hari ke depan. ""Sediakan pakaian, sepatu, dan lain-lain sehingga proses belajar mengajar berjalan dengan baik,"" tutur dia. Terkahir, Mualem meminta seluruh perangkat kerja Aceh mulai mengambil peran dalam rangka mempercepat pemulihan infrastruktur Aceh seusai dengan tugas pokok dan fungsinya masing-masing. Lembaga di bidang pertanian, misalnya, mulai mengurus bagaimana pemulihan sawah dan lain sebagainya. ""Dan lain-lain yang terkait dengan banjir dan longsor. Mulai besok mohon diperhatikan,"" kata dia. Dihubungi pada Kamis sore, 25 Desember, Ketua Masyarakat Penanggulangan Bencana Indonesia (MPBI) Avianto Amri menyampaikan berdasarkan pemantauan jejaring relawan dalam tiga hari terakhir, hingga saat ini masih ada sejumlah wilayah di Aceh yang terisolir. Khususnya di Aceh Tengah, dan Gayo Luwes. Selain itu, puluhan desa di Kabupaten Pidie Jaya juga masih tergenang air setelah kembali diterjang banjir susulan pada 24 Desember. ""Banyak masyarakat juga yang masih membutuhkan bantuan layanan dasar. Seperti sembako, air bersih, tempat tinggal, dan layanan kesehatan esensial,"" tutur Avianto. Ketersediaan bahan bakar minyak dan gas juga masih terbatas. Di Aceh Tengah, misalnya, antrean di beberapa stasiun pengisian bahan bakar umum atau SPBU masih mengular panjang. Adapun jaringan listrik baru masuk sekitar lima hari terakhir dan mulai stabil dua hari belakangan ini. Berdasarkan laporan BNPB pada Kamis, 25 Desember 2025, hingga hari ini masih ada 489.864 orang yang harus mengungsi. Pengungsi terbanyak berada di Aceh yakni sebanyak 461 ribu jiwa, lalu pengungsi di Sumatera Utara sebanyak 30 ribu jiwa, dan 5,8 ribu jiwa pengungsi di Sumatera Barat.","banjir, bantuan logistik, bnpb, longsor, pengungsi","aceh, bnpb, indonesia, kabupaten, kota, sumatera",4,,2026-06-05T07:47:47.765705+00:00,rejected,rejected_channel,banjir,True
tempo.co_e5e019109eb3,Jawaban Teddy Soal Status Bencana Nasional di Sumatera,https://www.tempo.co/politik/jawaban-teddy-soal-status-bencana-nasional-di-sumatera-2252892,Tempo.co,19 Desember 2025 | 15.01 WIB,,"SEKRETARIS Kabinet Teddy Indra Wijaya menanggapi desakan publik untuk menetapkan status bencana nasional atas bencana Sumatera. Dia mengklaim pemerintah pusat sejak hari pertama bencana sudah menanganinya dengan skala nasional. Scroll ke bawah untuk melanjutkan membaca ""Sejak hari pertama, 26 November 2025, pemerintah pusat sudah melakukan penanganan skala nasional di tiga provinsi ini. Langsung mobilisasi nasional. Mari kita fokus ke substansinya,"" kata dia dalam konferensi pers tanggap bencana Sumatera di Lanud Halim Perdanakusuma, Jakarta Timur, Jumat, 19 Desember 2025. Teddy menjelaskan pemerintah sudah mengerahkan 50 ribu pasukan TNI, Polri, dan Basarnas ke lokasi bencana. Pemerintah pusat juga sudah mengalokasikan anggaran untuk membantu bencana Sumatera. ""Semuanya ini akan menggunakan dana pusat. Disampaikan Rp 60 triliun. Sudah dikeluarkan secara berangsur,"" kata dia. Teddy mengklaim anggaran itu sudah dialokasikan untuk pembangunan hunian sementara dan memperbaiki fasilitas publik. Anggaran itu juga sudah diberikan kepada kepala daerah yang daerahnya terdampak bencana. ""Gedung DPRD, kecamatan juga, dan juga langsung seluruh bupati, wali kota yang jumlahnya 52 itu, diberikan uang cash untuk di hari itu,"" kata dia. Menurut dia, pemerintah daerah juga bisa meminta bantuan lain bila dibutuhkan. Dia mengklaim bantuan dari pemerintah pusat juga sudah masuk ke daerah. Dia juga berkata pemerintah pusat sudah mengirimkan 100 lebih kapal, pesawat, dan helikopter untuk membantu penanganan bencana. Pemerintah mengirimkan 1.000 alat berat membantu perbaikan infrastruktur. ""Mungkin totalnya sekitar seribu mungkin. Diangkut dari manapun di Indonesia ini, diangkut ke sana,"" kata dia. Teddy mengklain pemerintah pusat juga fokus membantu pemulihan infrastruktur di daerah terdampak bencana. Beberapa daerah yang jembatannya rusak dan jalan putus sudah diperbaiki. Namun, dia mengatakan perbaikan seluruh infrastruktur membutuhkan waktu. ""Jembatan banyak putus, jalan banyak putus, berangsur-angsur disambung. Jembatan sudah langsung dibuktikan, satu minggu, tujuh sampai sepuluh, jadi. Itu yang kerja, bukan satu dua orang,"" kata dia. Dia mengatakan penanganan bencana belum sempurna. Dia mengajak semua pihak untuk menantu memulihkan kondisi. Dia juga memastikan aparat akan segera membantu bila ada daerah yang belum dibantu. ""Kalau anda ke sana, ada di lokasi yang belum, ada di lokasi anda ke sana, ada daerah yang belum dapat logistik, sampaikan ke petugas. Pasti langsung dikerjakan,"" kata dia. Sejumlah pihak sebelumnya meminta Presiden Prabowo Subianto menetapkan status bencana nasional terhadap bencana Sumatera. Terbaru, Muhammdiyah menilai ketidaksiapan negara dalam menetapkan status darurat kemanusiaan nasional atas bencana banjir bandang dan tanah longsor di Sumatra dinilai memperpanjang penderitaan para korban serta mencerminkan belum hadirnya tanggung jawab negara secara utuh. Ketua Pimpinan Pusat Muhammadiyah Busyro Muqoddas menegaskan bahwa skala bencana di Aceh, Sumatra Utara, dan Sumatra Barat telah melampaui kapasitas pemerintah daerah, sehingga membutuhkan komando dan penanganan nasional yang terkoordinasi. Busyro menekankan bahwa negara harus segera menetapkan status darurat kemanusiaan nasional atas rangkaian bencana tersebut. Menurutnya, penundaan penetapan status ini menunjukkan lemahnya respons negara di tengah krisis kemanusiaan berskala besar yang membutuhkan kepemimpinan pusat. Pernyataan tersebut disampaikan Busyro dalam konferensi pers bertajuk “Korupsi Sumber Daya Alam dan Bencana Kemanusiaan” yang digelar di Universitas Muhammadiyah Yogyakarta (UMY), Jumat, 19 Desember 2025 dikutip dari situs resmi UMY. Ia menilai bencana di sejumlah wilayah Sumatra tidak dapat diperlakukan sebagai bencana daerah biasa, mengingat dampaknya telah melampaui kemampuan penanganan pemerintah daerah. “Penetapan status darurat kemanusiaan nasional bukan soal administratif atau politis. Ini adalah bentuk tanggung jawab konstitusional negara terhadap keselamatan warganya,” kata Busyro.","banjir, longsor, tanah longsor","aceh, indonesia, jakarta, kota, provinsi, sumatera, yogyakarta",4,,2026-06-05T07:47:50.297028+00:00,rejected,rejected_channel,banjir,True
tempo.co_d6550efff8d6,DPR Kirim Bantuan Logistik untuk Korban Banjir Sumatera,https://www.tempo.co/politik/dpr-kirim-bantuan-logistik-untuk-korban-banjir-sumatera-2252887,Tempo.co,30 November 2025 | 15.00 WIB,,"DEWAN Perwakilan Rakyat mengirim bantuan logistik untuk korban banjir bandang dan tanah longsor di Aceh, Sumatera Utara, serta Sumatera Barat. Pengiriman bantuan dilepas secara langsung oleh pimpinan dan sejumlah anggota DPR. Wakil Ketua DPR Sufmi Dasco Ahmad, yang mengikuti kegiatan, mengatakan bantuan yang dikirim melalui pesawat kargo memuat ratusan dus mi instan, pembalut wanita, sarung, dan makanan ringan. ""Mudah-mudahan apa yang disampaikan bisa bermanfaat bagi saudara-saudara kita yang mengalami musibah,"" kata Dasco di Bandar Udara Halim Perdanakusuma, Jakarta Timur, pada Ahad, 30 November 2025. Scroll ke bawah untuk melanjutkan membaca Pimpinan DPR yang hadir antara lain Saan Mustopa dan Cucun Ahmad Syamsurizal. Dasco mengatakan Cucun akan mewakili DPR secara langsung dalam menyerahkan bantuan logistik kepada para korban. ""Pak Cucun yang akan mengantarkan bantuan sampai ke lokasi di Tapanuli, Padang, dan Aceh,"" ujar politikus Partai Gerindra itu. Selain itu, tampak sejumlah anggota DPR lain, seperti Ketua Komisi III Habiburokhman; Ketua Badan Legislasi Bob Hasan; anggota Komisi IX, Obon Tabroni dan Irma Suryani Chaniago; serta anggota DPR nonaktif, Ahmad Sahroni. Bencana banjir bandang dan tanah longsor melanda tiga provinsi di Pulau Sumatera, yakni Aceh, Sumatera Utara, dan Sumatera Barat. Pada Jumat, 28 November 2025, Badan Nasional Penanggulangan Bencana atau BNPB merilis data jumlah korban banjir dan tanah longsor di Aceh, Sumatera Utara, dan Sumatera Barat. Kepala BNPB Suharyanto mengatakan, hingga Jumat sore, 28 November 2025, tercatat 174 orang meninggal dan 12.546 keluarga mengungsi akibat bencana ini. Dia menuturkan, dari data yang dirilis, Sumatera Utara menjadi provinsi dengan jumlah korban meninggal terbanyak, yaitu 116 orang, disusul Aceh 35 orang, dan Sumatera Barat 23 orang. ""Data ini masih bersifat sementara dan akan terus kami perbarui,"" kata Suharyanto dalam konferensi pers di kantor BNPB, Jakarta Timur, pada Jumat, 28 November 2025.","banjir, bantuan logistik, bnpb, longsor, tanah longsor","aceh, bnpb, jakarta, padang, provinsi, sumatera",5,,2026-06-05T07:47:52.225748+00:00,rejected,rejected_channel,banjir,True
tempo.co_89e3e86dffbd,Jakarta Mengalami 1.195 Kebakaran hingga September 2025,https://www.tempo.co/politik/jakarta-mengalami-1-195-kebakaran-hingga-september-2025-2252859,Tempo.co,15 September 2025 | 15.02 WIB,,"GUBERNUR Jakarta Pramono Anung Wibowo mengatakan ada 1.195 kebakaran di ibu kota sepanjang Januari hingga September 2025. Menurut Pramono, angka tersebut menjadi peringatan bagi pemerintah dan masyarakat Jakarta. Scroll ke bawah untuk melanjutkan membaca Pramono menyebut statistik itu menandakan upaya pencegahan kebakaran di Jakarta adalah pekerjaan rumah yang harus diselesaikan. Masyarakat, kata dia, juga harus ikut terlibat dalam pencegahan kebakaran. Tahun ini, Pramono mengatakan sejumlah peristiwa kebakaran berhasil dipadamkan sendiri oleh masyarakat. Setidaknya 267 dari 1.195 kebakaran dia sebut diatasi oleh warga setempat. ""Keterlibatan seluruh elemen masyarakat agar terus ditingkatkan untuk memastikan penanganan kebakaran dilakukan secara cepat, aman, dan efektif,"" kata Pramono dalam keterangan tertulis, Senin, 15 September 2025. Pramono mengungkapkan sejumlah kekurangan dalam sistem antisipasi kebakaran di Jakarta. Di antaranya implementasi program pencegahan kebakaran yang belum terlaksana secara optimal, sistem proteksi dini kebakaran yang telah terpasang tidak berfungsi sebagaimana mestinya, hingga kurangnya sumber daya manusia yang mampu melakukan pemadaman pada tahap dini secara tepat sebagai langkah antisipasi. Dalam sepekan terakhir, setidaknya dua titik kebakaran timbul di Jakarta. Pada Selasa, 9 September 2025, kebakaran terjadi di Jalan Brigjen Katamso, Kelurahan Slipi, Kecamatan Palmerah, Jakarta Barat. Api melahap sebuah gudang oli yang berada di lokasi tersebut pada sekitar pukul 14.59 WIB. ""Objek (kebakaran) gudang oli,"" bunyi rilis dari Command Center Suku Dinas Penanggulangan Kebakaran dan Penyelamatan DKI Jakarta (Gulkarmat Jakarta). Empat belas unit truk pemadaman kebakaran langsung dikerahkan ke titik api. Selain itu, 70 personel diterjunkan untuk memadamkan api yang menjalar di bangunan tersebut. Sementara itu, pada Ahad tengah malam, 7 September 2025, kebakaran juga melanda sejumlah ruko di Jalan RS Fatmawati Raya No.25, RT.1/RW.6, Gandaria Selatan, Cilandak. ""Luas yang terbakar kurang lebih 1.000 meter persegi,"" kata Kepala Suku Dinas Gulkarmat Jakarta Selatan Syamsul Huda. Kebakaran diduga terjadi akibat masalah listrik di kawasan setempat. Dalam laporan kebakaran yang ia bagikan, kerugian ruko terbakar tersebut ditaksir mencapai Rp 3,03 miliar. Tidak ada korban jiwa dalam kebakaran tersebut, namun satu orang dilaporkan terkena serpihan kaca.","kebakaran, korban jiwa","jakarta, kota",2,,2026-06-05T07:47:54.458594+00:00,rejected,rejected_channel,kebakaran,True
tempo.co_9edd1870acca,Keliru: Video 4 Ribu Tentara AS Tewas di Bandara Ben Gurion,https://www.tempo.co/cekfakta/keliru-video-4-ribu-tentara-as-tewas-di-bandara-ben-gurion-2127450,Tempo.co,8 April 2026 | 12.22 WIB,,"VIDEO berisi klaim tewasnya 4.000 tentara Amerika Serikat usai mendarat di Bandara Ben Gurion, Israel, beredar di Instagram [ arsip ], Facebook, X dan YouTube pada 1 April 2026. Unggahan tersebut menampilkan cuplikan peluncuran rudal, kebakaran gedung, dan ledakan berasap tebal. Narasinya menyebut para prajurit tewas akibat serangan Iran. Scroll ke bawah untuk melanjutkan membaca Tempo menelusuri dua klaim: kebenaran video serangan Iran di Bandara Ben Gurion dan kabar kematian 4.000 tentara AS tersebut. Tempo memverifikasi konten itu melalui pencarian gambar terbalik, analisis visual, alat deteksi akal imitasi, dan penelusuran berita kredibel. Faktanya, sejumlah klip video tersebut tak berkaitan dengan serangan Iran di Bandara Ben Gurion, Israel. Klip presenter televisi ini ditemukan beredar di YouTube. Hasil analisis manual menunjukkan gerak bibir tidak sinkron dengan ucapan yang menjadi ciri khas konten akal imitasi. Tempo menelusuri video asli menggunakan pencarian gambar terbalik. Hasilnya, video asli klip tersebut berasal dari program berita Liputan6 di SCTV dan bukan TVOne seperti logo yang tertera. Video aslinya diunggah kanal YouTube Liputan6 pada 21 Desember 2025 saat presenter membahas dampak banjir bandang di Aceh. Analisis menggunakan alat deteksi AI Hive Moderation mengonfirmasi akal imitasi mencapai 97,5 persen. Hiya Deepfake Voice Detector juga menyatakan 99 persen audio presenter tersebut merupakan hasil sintetis. Klip kepulan asap tebal yang ditayangkan setelahnya pun bukan terjadi di Israel. Associated Press ( AP ) melaporkan peristiwa itu terjadi di Bandara Sanaa, Yaman, bukan Turki, pada 6 Mei 2025. Video yang bersumber dari media milik kelompok Houthi, Ansar Allah, itu merekam serangan militer Israel terhadap pesawat sipil. Video aslinya menunjukkan pesawat sipil di Bandara Sanaa yang diserang oleh militer Israel pada 6 Mei 2025. Konflik antara keduanya terjadi setelah Houthi menyerang untuk mendukung perjuangan kelompok Hamas di Gaza. Cuplikan lain juga bukan terjadi di Bandara Ben Gurion, Israel, melainkan kebakaran di Pelabuhan Salalah, Oman, pada 11 Maret 2026. Menurut Reuters, ledakan pada tangki minyak itu dipicu serangan drone yang diduga milik militer Iran dalam konflik melawan Israel-AS. Hingga kini Iran menyatakan masih menginvestigasi dugaan tersebut. Laman Military.com dan Live Now Fox mencatat 365 tentara Amerika Serikat terluka dan 13 orang tewas sejak serangan ke Iran pada 28 Februari hingga 3 April 2026. Sementara itu korban jiwa di Iran mencapai lebih dari 1.900 orang dan 1.400 orang tewas di Israel. Iran berulang kali mengklaim telah menyerang Bandara Ben Gurion. Kantor Berita Iran WANA melaporkan serangan terbaru terjadi pada pekan pertama April. Al Jazeera menyebut kelompok Houthi juga mengumumkan serangan serupa ke bandara internasional Israel tersebut. Namun rentetan serangan itu tidak berdampak signifikan pada operasional Bandara Ben Gurion. Times of Israel pada 5 April 2026 mewartakan petugas bandara hanya dikejutkan oleh temuan paket diduga berisi bahan berbahaya yang mengeluarkan asap. Situs Ynetnews menjelaskan otoritas membatasi ketat Bandara Ben Gurion dalam dua pekan terakhir. Kementerian Perhubungan mulai melonggarkan pembatasan penerbangan sejak Ahad malam 6 April sehingga maskapai dapat menjual hingga 100 kursi termasuk kuota 30 persen untuk misi kemanusiaan. Verifikasi Tempo menyimpulkan narasi video ledakan rudal balistik Iran di Bandara Ben Gurion yang menewaskan 4.000 tentara Amerika Serikat adalah keliru. **Punya informasi atau klaim yang ingin Anda cek faktanya? Hubungi ChatBot kami. Anda juga bisa melayangkan kritik, keberatan, atau masukan untuk artikel Cek Fakta ini melalui email [email protected]","banjir, kebakaran, korban jiwa",aceh,3,,2026-06-05T07:49:08.059896+00:00,rejected,rejected_channel,banjir,True
tempo.co_debffee69d3c,Menyesatkan: Kebakaran Hotel Dekat Masjidil Haram karena Perang Iran-Israel,https://www.tempo.co/cekfakta/menyesatkan-kebakaran-hotel-dekat-masjidil-haram-karena-perang-iran-israel-2123248,Tempo.co,19 Maret 2026 | 08.00 WIB,,"VIDEO yang memperlihatkan sebuah bangunan di Mekah, Arab Saudi, dilalap api, beredar di X [ arsip ], Facebook, dan Instagram pada 14 Maret 2026. Asap tampak membumbung di antara gedung-gedung yang berdiri di sekitar Masjidil Haram dan Zamzam Tower. Pengunggah mengklaim kebakaran itu menimpa restoran shawarma dan Hotel Mira Ajyad. Peristiwa kebakaran itu diklaim bagian dari operasi false flag Israel di tempat-tempat ibadah terbesar dunia, menurut intelijen Iran. Operasi false flag artinya serangan rahasia lalu mengkambinghitamkan pihak lain sebagai pelaku. Scroll ke bawah untuk melanjutkan membaca Hingga tulisan ini dibuat, video berdurasi 21 menit itu sudah ditonton lebih dari 314 ribu kali, disukai 2.000 warganet, dan dibagikan ulang 544 akun. Namun benarkah kebakaran di kawasan Masjidil Haram tersebut akibat perang Iran-Israel? Tempo memverifikasi konten itu melalui analisis visual, peta digital, dan komparasi sumber-sumber kredibel. Hasilnya, kebakaran memang terjadi di Hotel Mira Ajyad, Mekah. Namun kebakaran itu tidak berkaitan dengan perang yang terjadi antara Amerika Serikat dan Israel dengan Iran. Tempo mengidentifikasi lokasi kebakaran tersebut di Hotel Mira Ajyad, Mekah, pada 12 Maret 2026 melalui pencarian gambar terbalik. Merujuk laporan The Islamic Information, otoritas setempat menyatakan api bermula dari tumpukan sampah di lahan kosong dekat hotel. Banyaknya material mudah terbakar seperti limbah konstruksi dan kayu membuat api cepat menjalar ke area sekitar, termasuk restoran di sebelahnya. Sejumlah media kredibel seperti Liputan6, Okezone, serta kantor berita Malaysia, Bernama dan Free Malaysia Today, turut memberitakan insiden tersebut. Tempo kemudian memverifikasi lokasi kebakaran menggunakan peta digital Google Earth. Lanskap kota pada video yang beredar, identik dengan suasana jalan King Abdul Aziz. Petunjuk kesamaan lokasi dapat diidentifikasi melalui tiang lampu jalan dan bangunan berwarna coklat dengan jendela minimalis. Zamzam Tower juga terlihat berada di kejauhan. Diukur pada peta digital Google Maps, hotel Mira Ajyad berjarak hanya sekitar 500 meter dari Zamzam Tower. BBC melansir istilah operasi bendera palsu yang awalnya merujuk pada taktik bajak laut pada abad ke-16. Saat itu, para bajak laut sengaja mengibarkan bendera negara sahabat untuk menipu kapal dagang agar mereka diizinkan merapat. Tempo menemukan klaim mengenai operasi bendera palsu tersebut pertama kali dalam artikel Al Mayadeen.net melalui penelusuran di mesin pencari Google. Artikel berjudul “ Exclusive: Source warns of Israeli false flag operations ahead ” itu terbit pada 8 Maret 2026. Al Mayadeen mengutip peringatan seorang pejabat di Kementerian Intelijen Iran pada 7 Maret yang bersumber dari kantor berita Iran, Tasnim. Isinya soal kemungkinan rencana operasi bendera palsu Israel untuk menyerang kompleks Masjid Al-Aqsa di wilayah pendudukan Quds menggunakan drone atau rudal. Operasi tersebut bertujuan menghasut opini publik Arab dan dunia Muslim terhadap Iran. Namun saat ditelusuri di situs resmi Tasnim, tidak ditemukan satu pun berita mengenai pernyataan pejabat intelijen Iran. Hasil yang sama juga ditemukan saat pengecekan dilakukan pada berbagai situs media kredibel internasional lainnya. Pemberitaan mengenai dugaan Iran terhadap operasi bendera palsu Israel justru berkaitan dengan fasilitas minyak Aramco milik Arab Saudi pada 2 Maret 2026. Kepada Tasnim, seorang informan menyebut rencana Israel itu bertujuan mengalihkan perhatian negara-negara tetangga dari serangan terhadap situs-situs sipil di Iran. Belakangan, Iran juga menuding Israel tengah merancang konspirasi false flag operation. Dikutip dari Anadolu, Sekretaris Dewan Keamanan Nasional Tertinggi Iran, Ali Larijani, mengatakan bahwa ia menerima informasi tentang dugaan rencana Israel untuk melakukan serangan seperti 9/11 dan menyalahkan Iran atas kejadian tersebut. Berdasarkan hasil penelusuran Tempo, klaim kebakaran di kawasan Masjidil Haram tersebut akibat perang Iran-Israel melalui operasi bendera palsu adalah menyesatkan. Kebakaran memang terjadi di Hotel Mira Ajyad yang disebabkan oleh sampah, bukan karena perang Iran melawan Amerika Serikat dan Israel. **Punya informasi atau klaim yang ingin Anda cek faktanya? Hubungi ChatBot kami. Anda juga bisa melayangkan kritik, keberatan, atau masukan untuk artikel Cek Fakta ini melalui email [email protected]",kebakaran,kota,1,,2026-06-05T07:49:12.497308+00:00,rejected,rejected_channel,kebakaran,True
tempo.co_cb00d68953af,Keliru: Video Evakuasi Penumpang Pesawat di Bandara Israel setelah Pembalasan Iran,https://www.tempo.co/cekfakta/keliru-video-evakuasi-penumpang-pesawat-di-bandara-israel-setelah-pembalasan-iran-2119144,Tempo.co,3 Maret 2026 | 11.48 WIB,,"VIDEO evakuasi penumpang American Airlines viral di media sosial. Unggahan di Instagram [ arsip ] dan Facebook pada 1 Maret 2026 itu mengklaim insiden dipicu hantaman rudal Iran sebagai balasan atas serangan Israel dan Amerika Serikat sehari sebelumnya. Rekaman tersebut memperlihatkan para penumpang keluar melalui evacuation slide di tengah kepulan asap tebal dari badan pesawat. “Evakuasi penumpang Israel yang menaiki maskapai American Airline, setelah serangan rudal Iran menargetkan bandara Israel hari ini,” tulis sejumlah akun. Scroll ke bawah untuk melanjutkan membaca Namun, benarkah video itu memperlihatkan dampak serangan Iran ke bandara Israel? Tempo memverifikasi konten itu menggunakan pencarian gambar terbalik dan membandingkan narasinya dengan sumber-sumber kredibel. Hasilnya, menunjukkan rekaman tersebut tak berkaitan dengan konflik Iran-Israel. Meski Iran meluncurkan serangan balasan, video evakuasi itu merekam peristiwa di Bandara Internasional Denver (DEN), Colorado, Amerika Serikat, pada akhir Juli 2025. Laporan CBS News menyebutkan evakuasi dilakukan akibat kendala teknis pada bagian roda sebelum pesawat lepas landas. Pesawat rute Colorado menuju Miami itu batal terbang setelah rodanya terbakar. News 18 juga melaporkan 173 penumpang dan enam kru selamat. Satu orang dilarikan ke rumah sakit karena luka ringan. Seluruh penumpang akhirnya mendapatkan penerbangan pengganti. Al Jazeera melaporkan serangan Amerika Serikat dan Israel ke Iran pada Sabtu pagi, 28 Februari 2026, menewaskan 165 orang di sekolah dasar putri Shadjareh Tayebeh, Iran bagian selatan. Agresi militer ini juga menyasar sejumlah pejabat tinggi Teheran. Pemimpin Tertinggi Iran Ali Khamenei tewas bersama putri, menantu, dan cucunya. Serangan tersebut turut merenggut nyawa Sekretaris Dewan Pertahanan Iran Ali Shamkhani serta Komandan Islamic Revolutionary Guard Corps (IRGC) Mohammad Pakpour. Pada hari yang sama, Tempo melaporkan Iran langsung membalas dengan meluncurkan rudal ke pangkalan militer Amerika Serikat di Qatar, Kuwait, Uni Emirat Arab, dan Bahrain. Laporan BBC menyebutkan serangan balasan Iran menyasar Kota Beit Shemesh di barat Yerusalem dan pusat Kota Tel Aviv. Namun, Iran dipastikan tidak mengarahkan rudal ke bandara Israel. Verifikasi Tempo menyimpulkan bahwa narasi yang mengatakan video yang beredar bagian dari imbas perang Timur Tengah akhir Februari 2026 antara Iran dengan AS-Israel adalah klaim keliru. **Punya informasi atau klaim yang ingin Anda cek faktanya? Hubungi ChatBot kami. Anda juga bisa melayangkan kritik, keberatan, atau masukan untuk artikel Cek Fakta ini melalui email [email protected]",evakuasi,kota,4,,2026-06-05T07:49:16.436330+00:00,rejected,rejected_channel,kebakaran,True
tempo.co_40c4a507739c,"Saat Lewati Banjir, Komponen Sepeda Motor Ini Rawan Bermasalah",https://www.tempo.co/otomotif/saat-lewati-banjir-komponen-sepeda-motor-ini-rawan-bermasalah-1237263,Tempo.co,29 September 2017 | 18.11 WIB,,"TEMPO.CO, Jakarta - Penggendara harus mewaspadai sepeda motor nya saat melewati genangan air atau banjir. Mesin motor bisa mogok jika beberapa komponennya terkena air bahkan mengakibatkan kecelakaan. Baim, mekanik bengkel RI Matic, beberapa komponen di mesin serta kelistrikan di motor yang relatif terbuka dibanding mobil menjadi pemantik masalah. “Mulai dari busi, karburator, hingga soket koil rawan terkena air. Belum lagi rantai dan gir,” kata Baim di Jalan Pondok Kopi Raya Blok F4 No 5, Pondok Kopi, Jakarta Timur, Jumat 29 September 2017. Baca: Tips Mengatasi Mesin Sepeda Motor Mogok Saat Melewati Genangan Air Scroll ke bawah untuk melanjutkan membaca Oleh karena itu, mengantisipasi masalah serta mengetahui cara mengatasi persoalan bila risiko itu terjadi adalah hal yang wajib dilakukan pemilik motor. Lantas apa saja komponen motor yang rawan bermasalah di saat hujan mengguyur? Bagaimana cara mengatasinya? Berikut penjelasan Baim. 1. Cop dan kabel busi. Posisi busi yang relatif rendah dan berada di sisi samping blok mesin sangat rawan terciprat air kala pengendara melibas genangan air atau arus banjir. Walhasil, cop atau karet penutup busi itu cepat aus. Secara teori, apapun yang berhawa panas kemudian kena air akan bereaksi secara kimiawi sehingga ikatan molekulnya terurai. “Sehingga kalau benda itu berasal dari plastik atau karet akan retak, berubah bentuk, atau bahkan pecah,” ujar Baim. Bila pecah atau retak, cipratan air bisa masuk ke busi. Bila peranti itu basah, maka motor akan mogok. Begitu pun dengan kabel busi yang rawan terkena air. Oleh karena itu, pastikan cop, kabel, serta busi dalam kondisi prima selama musim hujan berlangsung. Komponen lain yang rawan terkena air saat motor melibas genangan air hujan adalah tutup skep atau biasa disebut kabel gas. Meski hanya kecil, bila di sekeliling tutup kabel gas itu terdapat celah akan memberi akses air untuk masuk ke karburator. Walhasil, bensin pun tercampur air dan ketika dikirim ke ruang bakar mesin bahan bakar itu tidak akan mudah terbakar. Akibatnya motor mogok. Cara untuk mengatasi persoalan ini, Anda harus membongkar karburator. Pertama, tutup keran bensin dari tangki ke karburator. Setelah itu, buka tutup skep dengan tangan. Kemudian, buka sambungan karburator ke saringan udara dan leher angsa. Langkah selanjutnya, buka empat sekrup rumah pelampung yang berada di bagian bawah dan buang bensin yang tercampur air. “Kemudian bersihkan dan keringkan karburator dengan kompresor, bila tidak ada tiup dengan kencang berkali-kali. Setelah kering kembali pasang,” papar Baim. Namun, sebelum persoalan itu terjadi sebaiknya dicegah. Caranya, pastikan tidak ada kebocoran di karburator. Begitu pula dengan tutup skep. Agar tutup itu kedap air bila terpaksa melibas genangan air, olesi dengan grease atau sealer secukupnya. Pada saat motor melibas genangan atau melaju di tengah guyuran hujan, satu soket kabel, khususnya kabel positif, rawan terkena air. Bila air masuk ke sambungan kabel, maka motor akan mogok. Bila itu terjadi, lepaslah sambungan atau soket tersebut. Kemudian tiup atau semprot dengan angin kompresor dan lap hingga bersih dan kering. Bila ingin aman, sebaiknya dilapisi lagi soket itu dengan isolasi yang kedap air. Peranti ini biasa disebut sebagai jantung dari sebuah motor. Pasalnya, CDI berperan penting dalam mengatur waktu pengapian dari proses pembakaran campuran bahan bakar dan udara di ruang bakar mesin. Ia sangat sensitif dengan air. Sehingga, bila komponen itu rusak atau tak berfungsi karena soketnya terkena air, maka bisa dipastikan motor mogok. Bila itu terjadi, cara mengatasinya lepaskan soket dari CDI. Setelah itu, semprot bagian dalam soket dengan menggunakan cairan penetral dan keringkan. Cairan itu banyak dijual di toko onderdil dalam kemasan kaleng dan cara penggunaannya disemprotkan (spray). Agar masalah itu tak terjadi, olesi soket CDI dengan sealer atau grease agar kedap air. Komponen lainnya yang juga rawan bermasalah saat motor digunakan selama musim hujan adalah rantai dan gir. Pasalnya, di saat hujan mengguyur deras dan terjadi kubangan air di jalan, umumnya para pengendara motor tidak mengetahui persis jalan yang tak berlubang. Sehingga, mereka asal libas saja, meski jalanan berlubang. Pada saat itulah, setelan rantai roda juga mengendur. Bila tak segera dibenahi, lama kelamaan rantai yang kendur akan bekerja ekstra keras kala pengendara menarik tuas gas. “Akibatnya rantai seperti dientak-entak. Akibat yang paling ekstrem rantai putus. Bila itu terjadi di tengah perjalanan Anda akan repot,” sebut Baim. Seiring dengan kendurnya rantai dan tak segera dibenahi, mata gir juga akan terkena dampaknya. Karena entakan rantai sejalan dengan tarikan gas oleh pengendara, rantai seolah dientak. Padahal, saat itu posisi rantai terhadap mata gir tak tepat karena rantai kendur. “Akibatnya ujung mata gir banyak tergerus akibat gesekan antar peranti dari bahan logam itu. Gir pun aus. Bila itu terjadi, maka rantai mudah lepas atau los dan Anda pun repot dibuatnya,” terang Baim Masih di bagian roda sepeda motor, akibat yang banyak terjadi karena pengendara asal libas lintasan adalah pelek yang bengkok atau speleng. Meski tingkat kebengkokan tersebut masih relatif kecil, namun akan berpengaruh pada kenyamanan dan kestabilan berkendara. Bila tak stabil, maka risiko kecelakaan mengintai Anda. Oleh karena itu, untuk mengantisipasinya, periksa rantai dan gir sepeda motor Anda sebelum melakukan perjalanan. Kencangkan rantai dengan tingkat ketegangan standar atau tidak terlalu tegang dan tidak terlalu kendur. Kemudian lumasi rantai dan gir dengan grease.",banjir,"jakarta, ri",3,,2026-06-05T07:49:56.308669+00:00,rejected,rejected_channel,banjir,True
